{
    "J50": {
        "mass": [
            375,
            400,
            425,
            450,
            475,
            500,
            525,
            550,
            575,
            600
        ],
        "limit": [
            3.1988147741441937,
            3.7544232614343325,
            5.7259512180029875,
            5.215853962457089,
            4.295293216494748,
            3.9560578839482545,
            4.124592026912247,
            3.3911120129198626,
            2.7471969634264166,
            2.6457505511711625
        ]
    },
    "J100": {
        "mass": [
            600,
            650,
            700,
            750,
            800,
            850,
            900,
            950,
            1000,
            1050,
            1100,
            1150,
            1200,
            1250,
            1300,
            1350,
            1400,
            1450,
            1500,
            1550,
            1600,
            1650,
            1700,
            1750,
            1800
        ],
        "limit": [
            1.7021212717003353,
            1.7449389805974356,
            1.3259766900151333,
            0.575271770524352,
            0.3674296378031844,
            0.19992756587566365,
            0.22647403824003096,
            0.26140058740390326,
            0.2896486165123621,
            0.2510321578510607,
            0.12471814325626558,
            0.0957301119431667,
            0.10256385960130146,
            0.10173326019091973,
            0.11853826691367297,
            0.12223899690835227,
            0.12163971499432523,
            0.1078198792313106,
            0.11523555688074512,
            0.11280600369499755,
            0.11482262890523777,
            0.07959101534796563,
            0.06547892157282331,
            0.04987225923054041,
            0.03580495946325649
        ]
    }
}