{
    "excited_quark_mmed1000": {
        "sumW": 50000.0,
        "xsec": 259.536,
        "xsec_uncert": 0.7604209999999999,
        "filter_eff": 0.3166841898585055
    },
    "excited_quark_mmed2000": {
        "sumW": 50000.0,
        "xsec": 3.69212,
        "xsec_uncert": 0.010416100000000001,
        "filter_eff": 0.26871174216570914
    },
    "excited_quark_mmed3000": {
        "sumW": 50000.0,
        "xsec": 0.11162899999999999,
        "xsec_uncert": 0.000291994,
        "filter_eff": 0.19499791352232532
    },
    "excited_quark_mmed4000": {
        "sumW": 50000.0,
        "xsec": 0.0035652600000000002,
        "xsec_uncert": 8.83234e-06,
        "filter_eff": 0.1255946908612279
    },
    "excited_quark_mmed5000": {
        "sumW": 50000.0,
        "xsec": 0.000156871,
        "xsec_uncert": 4.07329e-07,
        "filter_eff": 0.0705875709405088
    }
}