{
    "description": "HAHM dark photons samples with dark Higgs-SM Higgs mixing disabled and kinetic mixing epsilon = 0.01",
    "HAHM_mmed375": {
        "sumW": 1121.4395345766097,
        "xsec": 0.011396,
        "xsec_uncert": 4.64e-06
    },
    "HAHM_mmed400": {
        "sumW": 883.7564944084734,
        "xsec": 0.0089438,
        "xsec_uncert": 3.49e-06
    },
    "HAHM_mmed425": {
        "sumW": 709.2845117258839,
        "xsec": 0.0071507,
        "xsec_uncert": 2.82e-06
    },
    "HAHM_mmed450": {
        "sumW": 576.9748243633658,
        "xsec": 0.0057967,
        "xsec_uncert": 2.28e-06
    },
    "HAHM_mmed475": {
        "sumW": 474.7327761198394,
        "xsec": 0.0047538,
        "xsec_uncert": 1.87e-06
    },
    "HAHM_mmed500": {
        "sumW": 394.25797544559464,
        "xsec": 0.0039361,
        "xsec_uncert": 1.54e-06
    },
    "HAHM_mmed525": {
        "sumW": 330.36137637286447,
        "xsec": 0.0032884,
        "xsec_uncert": 1.3e-06
    },
    "HAHM_mmed550": {
        "sumW": 278.8267226628959,
        "xsec": 0.002768,
        "xsec_uncert": 1.07e-06
    },
    "HAHM_mmed575": {
        "sumW": 236.9024327287916,
        "xsec": 0.0023459,
        "xsec_uncert": 9.05e-07
    },
    "HAHM_mmed600": {
        "sumW": 202.5348056893563,
        "xsec": 0.0020005,
        "xsec_uncert": 7.89e-07
    },
    "HAHM_mmed650": {
        "sumW": 112.81481150863692,
        "xsec": 0.001479,
        "xsec_uncert": 6.42e-07
    },
    "HAHM_mmed700": {
        "sumW": 85.33481445652433,
        "xsec": 0.0011141,
        "xsec_uncert": 4.98e-07
    },
    "HAHM_mmed750": {
        "sumW": 65.56049409369007,
        "xsec": 0.00085271,
        "xsec_uncert": 3.88e-07
    },
    "HAHM_mmed800": {
        "sumW": 51.0745006694342,
        "xsec": 0.00066194,
        "xsec_uncert": 2.94e-07
    },
    "HAHM_mmed850": {
        "sumW": 40.26124231767608,
        "xsec": 0.00052009,
        "xsec_uncert": 2.27e-07
    },
    "HAHM_mmed900": {
        "sumW": 32.07120549771935,
        "xsec": 0.00041305,
        "xsec_uncert": 1.82e-07
    },
    "HAHM_mmed950": {
        "sumW": 25.78773252366227,
        "xsec": 0.0003312,
        "xsec_uncert": 1.52e-07
    },
    "HAHM_mmed1000": {
        "sumW": 20.91232425556518,
        "xsec": 0.00026786,
        "xsec_uncert": 1.2e-07
    },
    "HAHM_mmed1050": {
        "sumW": 11.390589713613736,
        "xsec": 0.00021827,
        "xsec_uncert": 1.18e-07
    },
    "HAHM_mmed1100": {
        "sumW": 9.371861443389207,
        "xsec": 0.00017914,
        "xsec_uncert": 9.74e-08
    },
    "HAHM_mmed1150": {
        "sumW": 7.757144129413064,
        "xsec": 0.00014793,
        "xsec_uncert": 8.07e-08
    },
    "HAHM_mmed1200": {
        "sumW": 6.459083268258837,
        "xsec": 0.00012289,
        "xsec_uncert": 6.68e-08
    },
    "HAHM_mmed1250": {
        "sumW": 5.405608187218604,
        "xsec": 0.00010263,
        "xsec_uncert": 5.56e-08
    },
    "HAHM_mmed1300": {
        "sumW": 4.546742855069169,
        "xsec": 8.614e-05,
        "xsec_uncert": 4.65e-08
    },
    "HAHM_mmed1350": {
        "sumW": 3.840189178925357,
        "xsec": 7.2612e-05,
        "xsec_uncert": 3.91e-08
    },
    "HAHM_mmed1400": {
        "sumW": 3.2571363729948644,
        "xsec": 6.1473e-05,
        "xsec_uncert": 3.33e-08
    },
    "HAHM_mmed1450": {
        "sumW": 2.7728907663404243,
        "xsec": 5.224e-05,
        "xsec_uncert": 2.78e-08
    },
    "HAHM_mmed1500": {
        "sumW": 2.3695754590444267,
        "xsec": 4.456e-05,
        "xsec_uncert": 2.4e-08
    },
    "HAHM_mmed1550": {
        "sumW": 2.0315213621979638,
        "xsec": 3.8137e-05,
        "xsec_uncert": 2.06e-08
    },
    "HAHM_mmed1600": {
        "sumW": 1.7475159673704184,
        "xsec": 3.275e-05,
        "xsec_uncert": 1.73e-08
    },
    "HAHM_mmed1650": {
        "sumW": 1.5075091068447364,
        "xsec": 2.8202e-05,
        "xsec_uncert": 1.48e-08
    },
    "HAHM_mmed1700": {
        "sumW": 1.3037447407168656,
        "xsec": 2.4353e-05,
        "xsec_uncert": 1.28e-08
    },
    "HAHM_mmed1750": {
        "sumW": 1.1304195865832298,
        "xsec": 2.1081e-05,
        "xsec_uncert": 1.14e-08
    },
    "HAHM_mmed1800": {
        "sumW": 0.9826167698684003,
        "xsec": 1.8296e-05,
        "xsec_uncert": 9.74e-09
    }
}