{
    "J50": {
        "acceptance": 0.21665425355426737,
        "expected_xsec_pb": 3.1001057141080115
    },
    "J100": {
        "acceptance": 0.15712536855828887,
        "expected_xsec_pb": 2.2483068987005552
    }
}