{
    "J50": {
        "acceptance": 0.26263084809773235,
        "expected_xsec": 0.21744783699099848
    },
    "J100": {
        "acceptance": 0.2536752711471401,
        "expected_xsec": 0.21003297749898614
    }
}