{
    "J50": {
        "acceptance": 0.3316891882918736,
        "expected_xsec_pb": 0.023147593383324984
    },
    "J100": {
        "acceptance": 0.33016820449662004,
        "expected_xsec_pb": 0.023041448487205622
    }
}