{
    "J50": {
        "acceptance": 0.21665425355426735,
        "expected_xsec_pb": 3.1001057141080115
    },
    "J100": {
        "acceptance": 0.15712536855828885,
        "expected_xsec_pb": 2.248306898700555
    }
}