{
    "J50": {
        "acceptance": 0.05136772859487607,
        "expected_xsec": 0.7760122758827928
    },
    "J100": {
        "acceptance": 0.004811255053785734,
        "expected_xsec": 0.07268363009754109
    }
}