{
    "J50": {
        "acceptance": 0.04877384277029739,
        "expected_xsec_pb": 5.260746681204277
    },
    "J100": {
        "acceptance": 0.004411943763075378,
        "expected_xsec_pb": 0.47587225428531027
    }
}