{
    "J50": {
        "acceptance": 0.3301460562963388,
        "expected_xsec": 0.02183850133189022
    },
    "J100": {
        "acceptance": 0.32854646161069817,
        "expected_xsec": 0.021732691342624462
    }
}