{
    "J50": {
        "acceptance": 0.04877384277029741,
        "expected_xsec": 5.260746681204278
    },
    "J100": {
        "acceptance": 0.004411943763075378,
        "expected_xsec": 0.47587225428531027
    }
}