{
    "J50": {
        "acceptance": 0.26006278941883465,
        "expected_xsec_pb": 0.4764090239363632
    },
    "J100": {
        "acceptance": 0.2503065903448199,
        "expected_xsec_pb": 0.4585366428526756
    }
}