{
    "J50": {
        "acceptance": 0.21571726213752584,
        "expected_xsec": 0.8194235919556057
    },
    "J100": {
        "acceptance": 0.1553454040236708,
        "expected_xsec": 0.590095051724316
    }
}