{
    "J50": {
        "initial": 0.82796,
        "At least 2 jets": 0.8270432567760937,
        "Jet pT and eta cuts": 0.7027303518754127,
        "TileGap veto": 0.3936667015257513,
        "y_star cut": 0.22169997714485742,
        "mjj cut": 0.21744783699099848
    },
    "J100": {
        "initial": 0.82796,
        "At least 2 jets": 0.8270432567760937,
        "Jet pT and eta cuts": 0.7027303518754127,
        "TileGap veto": 0.3936667015257513,
        "y_star cut": 0.22169997714485742,
        "mjj cut": 0.21003297749898614
    }
}