{
    "J50": {
        "initial": 107.86,
        "At least 2 jets": 106.39888914262266,
        "Jet pT and eta cuts": 53.65288712541207,
        "TileGap veto": 29.50480524603686,
        "y_star cut": 20.04140425755823,
        "mjj cut": 5.260746681204277
    },
    "J100": {
        "initial": 107.86,
        "At least 2 jets": 106.39888914262266,
        "Jet pT and eta cuts": 53.65288712541207,
        "TileGap veto": 29.50480524603686,
        "y_star cut": 20.04140425755823,
        "mjj cut": 0.47587225428531027
    }
}