{
    "J50": {
        "initial": 3.7986,
        "At least 2 jets": 3.7868514808194633,
        "Jet pT and eta cuts": 2.7378327582120874,
        "TileGap veto": 1.5101039391340783,
        "y_star cut": 0.8902838159371018,
        "mjj cut": 0.8194235919556057
    },
    "J100": {
        "initial": 3.7986,
        "At least 2 jets": 3.7868514808194633,
        "Jet pT and eta cuts": 2.7378327582120874,
        "TileGap veto": 1.5101039391340783,
        "y_star cut": 0.8902838159371018,
        "mjj cut": 0.590095051724316
    }
}