{
    "J50": {
        "initial": 0.069787,
        "At least 2 jets": 0.06976598000233031,
        "Jet pT and eta cuts": 0.06504650108455585,
        "TileGap veto": 0.03830892790096371,
        "y_star cut": 0.02322770063506463,
        "mjj cut": 0.023147593383324984
    },
    "J100": {
        "initial": 0.069787,
        "At least 2 jets": 0.06976598000233031,
        "Jet pT and eta cuts": 0.06504650108455585,
        "TileGap veto": 0.03830892790096371,
        "y_star cut": 0.02322770063506463,
        "mjj cut": 0.023041448487205622
    }
}