{
    "J50": {
        "initial": 15.107,
        "At least 2 jets": 14.910427888724165,
        "Jet pT and eta cuts": 7.494830642978135,
        "TileGap veto": 4.133517142041,
        "y_star cut": 2.7909690657084054,
        "mjj cut": 0.7760122758827928
    },
    "J100": {
        "initial": 15.107,
        "At least 2 jets": 14.910427888724165,
        "Jet pT and eta cuts": 7.494830642978135,
        "TileGap veto": 4.133517142041,
        "y_star cut": 2.7909690657084054,
        "mjj cut": 0.07268363009754109
    }
}