{
    "J50": {
        "initial": 1.8319,
        "At least 2 jets": 1.830145786423785,
        "Jet pT and eta cuts": 1.5477694152324166,
        "TileGap veto": 0.8670436905227173,
        "y_star cut": 0.48560222897860805,
        "mjj cut": 0.4764090239363632
    },
    "J100": {
        "initial": 1.8319,
        "At least 2 jets": 1.830145786423785,
        "Jet pT and eta cuts": 1.5477694152324166,
        "TileGap veto": 0.8670436905227173,
        "y_star cut": 0.48560222897860805,
        "mjj cut": 0.45853664285267554
    }
}