{
    "J50": {
        "initial": 14.309,
        "At least 2 jets": 14.26036468736823,
        "Jet pT and eta cuts": 10.341387803112827,
        "TileGap veto": 5.736873289469198,
        "y_star cut": 3.3816066022615314,
        "mjj cut": 3.1001057141080115
    },
    "J100": {
        "initial": 14.309,
        "At least 2 jets": 14.26036468736823,
        "Jet pT and eta cuts": 10.341387803112827,
        "TileGap veto": 5.736873289469198,
        "y_star cut": 3.3816066022615314,
        "mjj cut": 2.2483068987005552
    }
}