{
    "J50": {
        "initial": 0.066148,
        "At least 2 jets": 0.06613208187495326,
        "Jet pT and eta cuts": 0.06165622359592084,
        "TileGap veto": 0.03619407658452535,
        "y_star cut": 0.021910106511945197,
        "mjj cut": 0.02183850133189022
    },
    "J100": {
        "initial": 0.066148,
        "At least 2 jets": 0.06613208187495326,
        "Jet pT and eta cuts": 0.06165622359592084,
        "TileGap veto": 0.03619407658452535,
        "y_star cut": 0.021910106511945197,
        "mjj cut": 0.021732691342624462
    }
}