{
    "default": {
        "J50": {
            "masses": [
                400,
                425,
                450,
                475,
                500,
                525,
                550,
                575,
                600
            ],
            "limits": [
                0.7413892212599129,
                0.7923999072156956,
                0.9299183288777388,
                1.07696119945836,
                1.1067472021834537,
                1.1069295475858032,
                1.3061504758030993,
                1.106221574211201,
                1.173809348274426
            ]
        },
        "J100": {
            "masses": [
                650,
                700,
                750,
                800,
                850,
                900,
                950,
                1000,
                1050,
                1100,
                1150,
                1200,
                1250,
                1300,
                1350,
                1400,
                1450,
                1500,
                1550,
                1600,
                1650,
                1700,
                1750,
                1800
            ],
            "limits": [
                1.1282628458959487,
                1.2348532010386346,
                0.9604216197061579,
                1.2330410438671882,
                0.43863451967259426,
                0.3591108048902587,
                0.5103654090142782,
                0.6477980496753969,
                0.7843831748262683,
                0.8472855610279512,
                0.6616373530466224,
                0.55434695601451,
                0.8116714730826351,
                1.1281139972330108,
                1.468062785955565,
                2.0615837117419336,
                2.397777206631927,
                2.77253786498381,
                2.6715006258037115,
                2.9342144203869993,
                3.0470529573040737,
                2.7872716180193446,
                2.88647103522823,
                2.071014583893196
            ]
        }
    },
    "generic_15": {
        "J50": {
            "masses": [
                400,
                425,
                450,
                475,
                500,
                525,
                550,
                575,
                600
            ],
            "limits": [
                0.748744421127305,
                0.9121036464671494,
                1.0304662906063387,
                1.1070581413881069,
                1.0790429672892266,
                1.2950712386945078,
                1.5198265112365008,
                1.294804777163215,
                1.3776932437891543
            ]
        },
        "J100": {
            "masses": [
                650,
                700,
                750,
                800,
                850,
                900,
                950,
                1000,
                1050,
                1100,
                1150,
                1200,
                1250,
                1300,
                1350,
                1400,
                1450,
                1500,
                1550,
                1600,
                1650,
                1700,
                1750,
                1800
            ],
            "limits": [
                1.3270229627228365,
                1.4405202436826117,
                1.1322000558029375,
                0.40762387020381485,
                0.34557479739091806,
                0.4856716781712334,
                0.6223165661438128,
                0.7630327369232245,
                0.9133427122622696,
                0.9938182233577695,
                0.7827655766638123,
                0.6510540556325061,
                0.9561145670630142,
                1.3401951505806742,
                1.7271169856823716,
                2.4363557096360364,
                2.80920095833751,
                2.7260682802894363,
                2.9719796459220253,
                3.1630933305982833,
                2.868780756266371,
                2.964857650165326,
                2.14120617521062,
                1.7053928353469647
            ]
        }
    },
    "mode_15": {
        "J50": {
            "masses": [
                400,
                425,
                450,
                475,
                500,
                525,
                550,
                575,
                600
            ],
            "limits": [
                0.748744421127305,
                0.9121036464671494,
                1.0304662906063387,
                1.1070581413881069,
                1.0790429672892266,
                1.2950712386945078,
                1.1095850988153,
                1.1698027833237905,
                0.9906031714232587
            ]
        },
        "J100": {
            "masses": [
                650,
                700,
                750,
                800,
                850,
                900,
                950,
                1000,
                1050,
                1100,
                1150,
                1200,
                1250,
                1300,
                1350,
                1400,
                1450,
                1500,
                1550,
                1600,
                1650,
                1700,
                1750,
                1800
            ],
            "limits": [
                1.3270229627228365,
                1.4405202436826117,
                1.1322000558029375,
                0.40762387020381485,
                0.34557479739091806,
                0.4856716781712334,
                0.6223165661438128,
                0.7630327369232245,
                0.8041132703085563,
                0.6635090143052853,
                0.5492630936215694,
                0.7996838136135489,
                1.1252632507169218,
                1.4741368829834551,
                2.12198812851488,
                2.4363557096360364,
                2.3462890374811205,
                2.5731404474122366,
                2.7152078575888363,
                2.5310782002640857,
                2.868780756266371,
                1.865971624617985,
                1.4973994684620424,
                1.2679725253497502
            ]
        }
    }
}